generation,best_fitness,average_fitness
1,759.4208065972412,410.0408036458344
2,773.1557301324774,650.120556443322
3,774.5058736136201,579.9774237828295
4,824.8266019001455,701.3641828081296
5,824.8266019001455,646.5188895967872
6,851.0637158266964,643.0008618003774
7,851.0637158266964,687.8483974457706
8,891.928909431733,743.4750161134972
9,891.928909431733,787.6509007006588
10,893.5842956041415,782.0048522170883
11,895.0047837564814,749.2968605055597
12,897.7693799218566,750.9595600425869
13,898.34591919013,811.2077949614489
14,901.7728871533649,872.7255395249318
15,901.7728871533649,878.8767678442829
16,901.9764026885423,876.9512057295578
17,901.9764026885423,887.8604656446655
18,902.001992049312,885.8032517110238
19,902.001992049312,883.7749025442772
20,902.001992049312,887.1270800349218
21,904.4003317258824,892.9142079861108
22,904.4003317258824,886.9536085453797
23,904.4003317258824,883.5092661035782
24,906.6132764512558,888.0158700152454
25,906.6132764512558,882.5864880777607
26,906.6132764512558,890.3216370179944
27,906.6132764512558,890.8719915943592
28,910.5377338421786,891.9091719521984
29,910.5377338421786,891.6273860800325
30,910.5377338421786,891.2972120794952
31,910.5377338421786,877.5888695286193
32,910.5377338421786,881.102441166858
33,910.5377338421786,884.3050692308344
34,910.5377338421786,892.672257526491
35,914.1651410467363,895.4363872854021
36,914.2092999980893,895.8705452702245
37,914.2092999980893,893.883704477736
38,914.2092999980893,889.8771350617625
39,922.3722259821195,882.9367300323912
40,922.3722259821195,884.9673475456103
